file,species
9b9911f20.png,Scentless Mayweed
060450d79.png,Common Chickweed
55251925f.png,Sugar beet
b130a0632.png,Cleavers
afcf6abd5.png,Small-flowered Cranesbill
3bbef3ecb.png,Scentless Mayweed
4bbf1f6ea.png,Shepherds Purse
2693e5c65.png,Maize
a8da9c08d.png,Charlock
9cce7328c.png,Loose Silky-bent
444473900.png,Fat Hen
d6c8c3c48.png,Small-flowered Cranesbill
2df78338c.png,Common Chickweed
3281183f9.png,Scentless Mayweed
b2706e2b3.png,Common wheat
f8318faf1.png,Scentless Mayweed
47b7d8e17.png,Small-flowered Cranesbill
3e9f41817.png,Common wheat
88ac6df54.png,Black-grass
80e299ae9.png,Small-flowered Cranesbill
165681fd9.png,Shepherds Purse
8e3ed0a25.png,Small-flowered Cranesbill
b4f7c9214.png,Black-grass
8455169fe.png,Common wheat
8d6acbe9b.png,Common Chickweed
4049a6ea6.png,Loose Silky-bent
71f5323c5.png,Black-grass
d09d24c58.png,Loose Silky-bent
1758a1baf.png,Common Chickweed
c5078bac5.png,Black-grass
800a8c17e.png,Fat Hen
dabea05f4.png,Loose Silky-bent
5eb9c26a6.png,Loose Silky-bent
03e322a29.png,Sugar beet
a8de7c1b7.png,Black-grass
e88bf0db9.png,Small-flowered Cranesbill
a2d25b4f3.png,Small-flowered Cranesbill
e9d48d664.png,Shepherds Purse
8e29abce1.png,Scentless Mayweed
5b3beec58.png,Loose Silky-bent
fd87b36ae.png,Loose Silky-bent
5f04aed97.png,Small-flowered Cranesbill
0a64e3e6c.png,Black-grass
e721c6ac8.png,Black-grass
e1abb4ff9.png,Sugar beet
6c874918c.png,Black-grass
0c45ace27.png,Common Chickweed
8bc0261c9.png,Loose Silky-bent
675ec1b0b.png,Small-flowered Cranesbill
0911d3dee.png,Common Chickweed
6908fb540.png,Fat Hen
589e643b8.png,Shepherds Purse
8311740de.png,Fat Hen
e19ad6ac9.png,Charlock
a254d71f6.png,Common Chickweed
7696badea.png,Loose Silky-bent
1dc7c45df.png,Loose Silky-bent
534e74d83.png,Maize
25cf6eb73.png,Maize
558aa7deb.png,Black-grass
7f46a71db.png,Sugar beet
4b032563b.png,Shepherds Purse
6a41bf95b.png,Scentless Mayweed
8104422bb.png,Common Chickweed
90b595f12.png,Common Chickweed
44e8b8833.png,Small-flowered Cranesbill
b98327bf4.png,Scentless Mayweed
391dcd7fd.png,Loose Silky-bent
ce3d280eb.png,Sugar beet
172f9b10b.png,Common Chickweed
24c94a6ca.png,Sugar beet
686dc7ec8.png,Scentless Mayweed
780bd2a2c.png,Sugar beet
e478c452c.png,Fat Hen
0c51bf229.png,Maize
060f1dc84.png,Small-flowered Cranesbill
76dbd1054.png,Scentless Mayweed
5315c2dca.png,Loose Silky-bent
f1e87cba7.png,Loose Silky-bent
ace8761dd.png,Common Chickweed
c4ed8ed38.png,Charlock
377283a21.png,Maize
52a87abe5.png,Fat Hen
bffc08672.png,Scentless Mayweed
99036c51d.png,Black-grass
3da774107.png,Fat Hen
b687160f5.png,Small-flowered Cranesbill
32c86784b.png,Common Chickweed
f48916a8c.png,Scentless Mayweed
539961189.png,Common Chickweed
f4021df6c.png,Fat Hen
8b27bfd2b.png,Small-flowered Cranesbill
b6f3d8b5d.png,Scentless Mayweed
a55d26a4c.png,Common Chickweed
8301b0547.png,Charlock
03566743d.png,Common Chickweed
0bf7bfb05.png,Black-grass
043449b0b.png,Sugar beet
1d56351b2.png,Common Chickweed
4bbfd1e05.png,Cleavers
0086a6340.png,Common Chickweed
35ebe165c.png,Black-grass
618de3d7a.png,Charlock
851c90831.png,Black-grass
a1e0a6c02.png,Cleavers
e82017baa.png,Black-grass
5bbc0a255.png,Common Chickweed
f9ea23fb5.png,Fat Hen
604dd663f.png,Shepherds Purse
6bce55e05.png,Cleavers
6edb96d45.png,Cleavers
26852751a.png,Charlock
c06e7c748.png,Fat Hen
0751c0bbc.png,Sugar beet
b5c7fd009.png,Black-grass
590f5aea6.png,Charlock
cbe761896.png,Charlock
3f826b318.png,Common Chickweed
3d38a87bc.png,Loose Silky-bent
3edf5e9ef.png,Common wheat
4287d810c.png,Common Chickweed
16357b436.png,Loose Silky-bent
223e4af09.png,Cleavers
ede6b84b4.png,Cleavers
8ab8a958b.png,Fat Hen
653193c1a.png,Common wheat
9326bda1b.png,Common Chickweed
bdde957ec.png,Scentless Mayweed
8ece6efec.png,Scentless Mayweed
f445fe6fb.png,Charlock
0f6cbe5e8.png,Maize
20817c846.png,Scentless Mayweed
79d93bc96.png,Loose Silky-bent
ef65533d5.png,Common wheat
d515398fd.png,Black-grass
a1da8be3c.png,Maize
0021e90e4.png,Small-flowered Cranesbill
279df95f2.png,Sugar beet
39c8fde99.png,Loose Silky-bent
c0f5d9ac8.png,Small-flowered Cranesbill
721b2c47a.png,Shepherds Purse
59b2c6f2b.png,Fat Hen
ba3ce6b3e.png,Common Chickweed
fb022edf9.png,Sugar beet
c7051c902.png,Common Chickweed
026716f9b.png,Loose Silky-bent
3abb502fb.png,Loose Silky-bent
f2dc546ca.png,Cleavers
659412b1a.png,Loose Silky-bent
36839d5e9.png,Scentless Mayweed
71e73a8a0.png,Sugar beet
20ea96bcc.png,Sugar beet
cd5f0db1c.png,Small-flowered Cranesbill
00d090cde.png,Loose Silky-bent
e15fce4f2.png,Scentless Mayweed
b31292706.png,Small-flowered Cranesbill
2a5064f19.png,Common wheat
22e79540f.png,Cleavers
c63da993b.png,Sugar beet
1459e96a0.png,Cleavers
19b51843a.png,Shepherds Purse
1312065a5.png,Small-flowered Cranesbill
ad12382d4.png,Loose Silky-bent
d5f7dd60a.png,Scentless Mayweed
177d7e2a4.png,Common Chickweed
24d36c52c.png,Common Chickweed
2126dc71b.png,Common Chickweed
6ba4ef411.png,Cleavers
93d76fd5d.png,Small-flowered Cranesbill
73260a4ee.png,Fat Hen
48ef6a2ff.png,Common wheat
e5881dd33.png,Cleavers
75cb95e91.png,Charlock
54c8bb900.png,Charlock
0d117d910.png,Shepherds Purse
c26ccf73c.png,Common Chickweed
897e5a8de.png,Cleavers
699d3c707.png,Sugar beet
d0152bd7c.png,Fat Hen
ef9676433.png,Charlock
2a667e099.png,Fat Hen
c7ae30f3a.png,Common Chickweed
b944a49ca.png,Loose Silky-bent
a006a475c.png,Shepherds Purse
1fefb54b7.png,Sugar beet
98da6ef4e.png,Scentless Mayweed
1f290e016.png,Scentless Mayweed
31fcdc161.png,Maize
219fd68d5.png,Scentless Mayweed
41f1c3cdb.png,Fat Hen
07e62f903.png,Maize
2e86f1085.png,Fat Hen
593896f83.png,Common Chickweed
fd925f542.png,Common Chickweed
96f14d90c.png,Sugar beet
b7192c70f.png,Common wheat
4a337a4a9.png,Fat Hen
721be0a4a.png,Loose Silky-bent
f4234cf4f.png,Fat Hen
809eb0b82.png,Cleavers
6982a9d30.png,Small-flowered Cranesbill
97844bfd5.png,Shepherds Purse
eaf0815e2.png,Small-flowered Cranesbill
615d2b0a9.png,Sugar beet
d93c7ab6d.png,Black-grass
ae90f2827.png,Small-flowered Cranesbill
e3f50adfc.png,Cleavers
eec1079a1.png,Charlock
5dcad9a53.png,Small-flowered Cranesbill
1694a70e4.png,Scentless Mayweed
0ad9e7dfb.png,Sugar beet
cfd8165e9.png,Charlock
6b9d6f8c9.png,Maize
7a38416be.png,Charlock
a169b71e7.png,Charlock
0437393b1.png,Fat Hen
f9b6bfb00.png,Cleavers
0ee4ad224.png,Scentless Mayweed
3dd52bd2a.png,Small-flowered Cranesbill
a544fc46d.png,Shepherds Purse
b3e08b037.png,Fat Hen
76555b064.png,Loose Silky-bent
19e58cc5e.png,Fat Hen
aad8375e0.png,Small-flowered Cranesbill
0e8492cb1.png,Sugar beet
91e469b4a.png,Charlock
fea355851.png,Loose Silky-bent
963544aa0.png,Black-grass
f1f7c833f.png,Small-flowered Cranesbill
b1cd2a91e.png,Cleavers
948cdb277.png,Cleavers
b573b7a56.png,Loose Silky-bent
f23faf9c1.png,Loose Silky-bent
99569b224.png,Common wheat
37c3108d6.png,Shepherds Purse
3185294c8.png,Scentless Mayweed
32b42c120.png,Small-flowered Cranesbill
24d78df74.png,Common Chickweed
8cf909eb3.png,Charlock
a0b393945.png,Scentless Mayweed
39d569be4.png,Loose Silky-bent
1f3f44563.png,Maize
bd789d151.png,Common Chickweed
126a71ce0.png,Charlock
adb7a032c.png,Loose Silky-bent
7fdb7202d.png,Scentless Mayweed
866be78b0.png,Shepherds Purse
61dd2cdc5.png,Common wheat
65e97117e.png,Loose Silky-bent
be2499cf4.png,Loose Silky-bent
b7ad92859.png,Shepherds Purse
65d08b894.png,Sugar beet
53ceb4657.png,Common Chickweed
3d67c434b.png,Fat Hen
892e9d6c6.png,Scentless Mayweed
7e9cf1c46.png,Common Chickweed
33448fe39.png,Black-grass
12625488b.png,Fat Hen
9c777333d.png,Common Chickweed
071cb3ece.png,Sugar beet
a890ac088.png,Charlock
03ef36742.png,Scentless Mayweed
6edc76e7c.png,Fat Hen
0885e7690.png,Scentless Mayweed
dd5ec63d9.png,Sugar beet
e5368474f.png,Scentless Mayweed
36d62bf36.png,Common wheat
7f31c7f42.png,Loose Silky-bent
9c32a797e.png,Common wheat
7506c0c02.png,Scentless Mayweed
a8b431a3e.png,Sugar beet
3526b05cc.png,Scentless Mayweed
66ab0e8d0.png,Charlock
47f9e5d91.png,Common Chickweed
dabe3e5be.png,Small-flowered Cranesbill
19fdf19fb.png,Common wheat
b215531dd.png,Cleavers
8cfd98117.png,Scentless Mayweed
0ebf8f2f4.png,Maize
6dd095129.png,Common Chickweed
a060c1cf8.png,Maize
37297a64c.png,Common Chickweed
98062cd87.png,Common Chickweed
8c98a6e9b.png,Black-grass
8db450ce3.png,Sugar beet
606647f64.png,Common Chickweed
29f49cd0b.png,Sugar beet
e19673dc9.png,Charlock
490c4f9c8.png,Fat Hen
22fbf13d6.png,Loose Silky-bent
abc331628.png,Common wheat
d2f422ccb.png,Shepherds Purse
20f983a71.png,Small-flowered Cranesbill
a4b61a4ea.png,Loose Silky-bent
0fb233ad6.png,Small-flowered Cranesbill
df521c0c0.png,Loose Silky-bent
bf3924a57.png,Shepherds Purse
6680836dd.png,Sugar beet
1364b297a.png,Cleavers
f0ffa00bd.png,Sugar beet
dce2f6612.png,Common Chickweed
b62dca166.png,Sugar beet
11d3f68ff.png,Loose Silky-bent
e921021a8.png,Fat Hen
752101fdf.png,Small-flowered Cranesbill
32a8c8a1d.png,Loose Silky-bent
bb20fce02.png,Scentless Mayweed
ef02b4ee7.png,Sugar beet
d17f48d3b.png,Scentless Mayweed
50de8a115.png,Shepherds Purse
ce15eee52.png,Charlock
fe29629fb.png,Scentless Mayweed
0c5f6c493.png,Black-grass
2dd5cfba9.png,Shepherds Purse
a93f940d6.png,Scentless Mayweed
54b3afd58.png,Cleavers
14bb43eee.png,Fat Hen
c2de6020a.png,Shepherds Purse
1d0cbd819.png,Black-grass
30ad31220.png,Charlock
88d8a4508.png,Common Chickweed
5ee9d0a5b.png,Loose Silky-bent
592473c83.png,Black-grass
16467a950.png,Loose Silky-bent
7b21ba6ba.png,Sugar beet
fdea6b119.png,Loose Silky-bent
afa446484.png,Small-flowered Cranesbill
7d22abf91.png,Fat Hen
23e480e64.png,Shepherds Purse
8585f9718.png,Black-grass
93079d970.png,Sugar beet
5bdcfa329.png,Loose Silky-bent
c5e419015.png,Scentless Mayweed
239bdf640.png,Charlock
da9ef7858.png,Charlock
f593c9cf0.png,Sugar beet
8b9144917.png,Small-flowered Cranesbill
e5064f6be.png,Sugar beet
c74c5b7fc.png,Shepherds Purse
0d31e6602.png,Small-flowered Cranesbill
71b232519.png,Common wheat
502dff972.png,Small-flowered Cranesbill
9fab816f2.png,Fat Hen
59c6a9f95.png,Fat Hen
a74bf916d.png,Shepherds Purse
0caeda5df.png,Black-grass
04814f36d.png,Scentless Mayweed
c85ef220d.png,Common Chickweed
bd72d4d8a.png,Common Chickweed
e471f1d3a.png,Charlock
26e7ae885.png,Fat Hen
3d65168c2.png,Common Chickweed
00c47e980.png,Sugar beet
6049234e6.png,Fat Hen
f4e7733d4.png,Small-flowered Cranesbill
dc4cd56a3.png,Loose Silky-bent
cf90fc52d.png,Maize
e73e308be.png,Fat Hen
06d12f6fa.png,Shepherds Purse
b29339405.png,Black-grass
b47691c08.png,Scentless Mayweed
4823c3ffa.png,Scentless Mayweed
6db684fff.png,Scentless Mayweed
2ea664465.png,Sugar beet
664194d19.png,Small-flowered Cranesbill
fd253a74e.png,Cleavers
258b1183c.png,Cleavers
a800caead.png,Sugar beet
ec08a5d56.png,Small-flowered Cranesbill
46c14fde2.png,Black-grass
df7cb5f87.png,Common Chickweed
3efa1f66c.png,Black-grass
aee6fa3df.png,Loose Silky-bent
a8c8a1db0.png,Shepherds Purse
5a6bf96f6.png,Maize
974959ec1.png,Common wheat
f351ce097.png,Black-grass
e783f5a4f.png,Sugar beet
506347cfe.png,Common Chickweed
550a8b7e6.png,Small-flowered Cranesbill
711b46fba.png,Shepherds Purse
728eabae1.png,Charlock
8a4d3a1b1.png,Loose Silky-bent
b026bf8ca.png,Loose Silky-bent
bb1d1bfd3.png,Cleavers
1926e82fd.png,Loose Silky-bent
da5255450.png,Common Chickweed
e4d5ec761.png,Black-grass
eef131644.png,Loose Silky-bent
6be169e41.png,Shepherds Purse
855955aaf.png,Small-flowered Cranesbill
6d6eb3830.png,Shepherds Purse
64fe8beb9.png,Scentless Mayweed
ef3e232ad.png,Common Chickweed
fbf88b6be.png,Charlock
c64370a72.png,Sugar beet
ab35453cb.png,Cleavers
8c9953903.png,Fat Hen
122913909.png,Maize
785a73ab8.png,Common Chickweed
7691014a1.png,Charlock
74068643d.png,Loose Silky-bent
8dbb8e1b9.png,Charlock
29bab7cad.png,Common Chickweed
1d321253f.png,Fat Hen
59358cd44.png,Small-flowered Cranesbill
be341dbdc.png,Loose Silky-bent
3eda9cbb6.png,Scentless Mayweed
5a38ac566.png,Black-grass
d102e1a15.png,Cleavers
148bbda66.png,Charlock
e9cd91682.png,Fat Hen
c10db7ae2.png,Maize
e15472085.png,Common Chickweed
c6b76307d.png,Cleavers
90d119d25.png,Scentless Mayweed
03a2ee656.png,Small-flowered Cranesbill
d2fd9df40.png,Black-grass
d84d37a61.png,Fat Hen
4e69d100a.png,Small-flowered Cranesbill
e52493d0b.png,Common wheat
86676d627.png,Fat Hen
24a058589.png,Charlock
f6d250856.png,Shepherds Purse
a276c65f7.png,Loose Silky-bent
862b8e7a0.png,Sugar beet
b7a7f6390.png,Fat Hen
fadc6adbc.png,Charlock
05341a8a6.png,Fat Hen
65e262a6d.png,Charlock
8faadb6a8.png,Sugar beet
b3d6fdb80.png,Shepherds Purse
b9062c1c8.png,Sugar beet
8a8d6c712.png,Cleavers
fea1d13d6.png,Shepherds Purse
808578ed5.png,Charlock
2d992d1fb.png,Loose Silky-bent
fc3e58836.png,Scentless Mayweed
486e59179.png,Small-flowered Cranesbill
d89db156f.png,Small-flowered Cranesbill
8303b27ed.png,Loose Silky-bent
8e4eaeec0.png,Common Chickweed
770a265f5.png,Small-flowered Cranesbill
71334c634.png,Maize
4e1190d78.png,Black-grass
2b55a2da2.png,Charlock
b03397525.png,Loose Silky-bent
5e6a237f2.png,Sugar beet
e7077322d.png,Scentless Mayweed
241e6935a.png,Sugar beet
a85b48a95.png,Scentless Mayweed
1376f3b63.png,Loose Silky-bent
69d1669f8.png,Charlock
1e095a7e1.png,Small-flowered Cranesbill
23bc8ec4f.png,Common Chickweed
9aa5587fe.png,Black-grass
0c4199daa.png,Black-grass
59f62ad1d.png,Black-grass
c75a82234.png,Scentless Mayweed
7b52585da.png,Loose Silky-bent
338c7e907.png,Charlock
953496deb.png,Fat Hen
5779fe8b4.png,Fat Hen
6a47821f9.png,Loose Silky-bent
099b961ec.png,Shepherds Purse
410e6f702.png,Small-flowered Cranesbill
4ac29bbf0.png,Common Chickweed
67e185673.png,Small-flowered Cranesbill
c35efa095.png,Scentless Mayweed
4392d93cf.png,Fat Hen
a85fc8c9a.png,Small-flowered Cranesbill
e80a259c5.png,Small-flowered Cranesbill
38c054379.png,Small-flowered Cranesbill
60fea2ef6.png,Sugar beet
da4ed3a28.png,Charlock
dfb1d9012.png,Loose Silky-bent
c10ccbd82.png,Scentless Mayweed
827279bad.png,Scentless Mayweed
6da892be6.png,Small-flowered Cranesbill
97b2f0a10.png,Small-flowered Cranesbill
780defa2e.png,Common Chickweed
efe19dc32.png,Charlock
3ebbe9ca4.png,Charlock
00ef713a8.png,Common Chickweed
33748968f.png,Cleavers
31f3dd81f.png,Loose Silky-bent
647689543.png,Loose Silky-bent
8916793ce.png,Small-flowered Cranesbill
42e7ed442.png,Shepherds Purse
d6d31dcbe.png,Scentless Mayweed
01291174f.png,Fat Hen
521b27a17.png,Loose Silky-bent
ac75d3326.png,Loose Silky-bent
ef74dbcad.png,Scentless Mayweed
bf66b9cd2.png,Maize
77ccb8b2a.png,Small-flowered Cranesbill
cb76a7766.png,Fat Hen
5817b766d.png,Shepherds Purse
3f64c2c1b.png,Common wheat
25a4c427e.png,Black-grass
1bf9b94a6.png,Scentless Mayweed
a38b8a581.png,Small-flowered Cranesbill
270b939cf.png,Shepherds Purse
c50335991.png,Fat Hen
bebcaab66.png,Scentless Mayweed
39b740f7e.png,Loose Silky-bent
632156793.png,Cleavers
63c07d340.png,Fat Hen
1191ba346.png,Cleavers
24dbc3b21.png,Sugar beet
e98e5d1d5.png,Black-grass
fe9e87b78.png,Scentless Mayweed
a9d2eab61.png,Black-grass
d6d80a321.png,Scentless Mayweed
87f627bf9.png,Common Chickweed
8e2e5604e.png,Sugar beet
e1a0e3202.png,Loose Silky-bent
1623fb9e1.png,Fat Hen
ff65bc002.png,Charlock
0ae6668fa.png,Loose Silky-bent
bb1c84bbc.png,Loose Silky-bent
36ed4f215.png,Common Chickweed
5ca2687a4.png,Maize
16fd2e01a.png,Small-flowered Cranesbill
9df3275da.png,Small-flowered Cranesbill
8b043093d.png,Small-flowered Cranesbill
9d3cb4745.png,Common wheat
ac3193f78.png,Common Chickweed
f4caf74f9.png,Charlock
3b73c3b61.png,Black-grass
b341d0aab.png,Small-flowered Cranesbill
96ecad7a1.png,Small-flowered Cranesbill
e4a76885b.png,Maize
d563be369.png,Fat Hen
a2c89c367.png,Small-flowered Cranesbill
fda39e16f.png,Black-grass
1b490196c.png,Shepherds Purse
ab0f67743.png,Loose Silky-bent
55920f07f.png,Maize
4c8005bbc.png,Black-grass
bb64660b7.png,Sugar beet
2ff5cb348.png,Sugar beet
a935ca110.png,Loose Silky-bent
856f2910a.png,Small-flowered Cranesbill
33317fc2a.png,Sugar beet
56112b92c.png,Small-flowered Cranesbill
007b3da8b.png,Sugar beet
53e6e9000.png,Common wheat
8e6ec1ca6.png,Small-flowered Cranesbill
5ca0205f9.png,Charlock
063363305.png,Small-flowered Cranesbill
ce42adffb.png,Black-grass
8f523520c.png,Shepherds Purse
a2b703e21.png,Small-flowered Cranesbill
969a851be.png,Scentless Mayweed
7d4cd07ad.png,Common Chickweed
085974290.png,Scentless Mayweed
13b9fa92d.png,Sugar beet
4e9d3765f.png,Charlock
e901b0f28.png,Fat Hen
d2f0f326e.png,Charlock
456d507c0.png,Cleavers
cc74feadc.png,Black-grass
958bb9e96.png,Cleavers
205df1df3.png,Fat Hen
ef7a5651d.png,Scentless Mayweed
a5db42f7d.png,Maize
f66ae4070.png,Maize
2406d6c99.png,Shepherds Purse
4f44ca525.png,Common Chickweed
a19c3faca.png,Cleavers
b6a3f7876.png,Loose Silky-bent
2bd74d2da.png,Loose Silky-bent
8ca6140ca.png,Loose Silky-bent
a35fd6fbb.png,Common Chickweed
003d61042.png,Fat Hen
c7b07431e.png,Scentless Mayweed
e6f1211a2.png,Sugar beet
f33e9d918.png,Scentless Mayweed
56a01b835.png,Cleavers
c832e4302.png,Fat Hen
8874bba69.png,Loose Silky-bent
79fba50db.png,Common Chickweed
caa2fbd79.png,Common Chickweed
da231c97f.png,Scentless Mayweed
25fa8d109.png,Common wheat
37e545a60.png,Common Chickweed
3a909ead8.png,Small-flowered Cranesbill
fea3da57c.png,Sugar beet
2f246d688.png,Small-flowered Cranesbill
f9f35cbd4.png,Common Chickweed
e5297b675.png,Loose Silky-bent
5c3cd7ea2.png,Scentless Mayweed
df11d56a7.png,Sugar beet
b828443ff.png,Maize
17d5e5ac4.png,Loose Silky-bent
976e4e079.png,Common Chickweed
3827436f3.png,Common Chickweed
fc6f686fb.png,Sugar beet
5296835a0.png,Small-flowered Cranesbill
bfab3e3d0.png,Sugar beet
78750e0ff.png,Charlock
86f08e6d1.png,Fat Hen
7f9e9565d.png,Scentless Mayweed
59e1cea8d.png,Cleavers
9b4800b42.png,Charlock
79e5ea8fa.png,Common wheat
e1809cef2.png,Scentless Mayweed
a0f37c726.png,Small-flowered Cranesbill
d9c50616e.png,Sugar beet
bea23d9f8.png,Scentless Mayweed
5af1d74ee.png,Scentless Mayweed
17a78fb44.png,Common wheat
1821eb11a.png,Scentless Mayweed
b39c71707.png,Maize
6b721f68e.png,Black-grass
2d9c798f9.png,Small-flowered Cranesbill
87608f7aa.png,Charlock
b30ab4659.png,Cleavers
da713c465.png,Common wheat
bb7621cb3.png,Fat Hen
52dc7a4d6.png,Common Chickweed
de0b79659.png,Sugar beet
4c7838de4.png,Common Chickweed
f4ad9d950.png,Sugar beet
a8388a37f.png,Fat Hen
406162ef9.png,Charlock
65489944f.png,Shepherds Purse
4bcdaa5e2.png,Small-flowered Cranesbill
8d6991365.png,Black-grass
cadab6616.png,Shepherds Purse
c8f50f0c3.png,Common wheat
8a32d0bfa.png,Small-flowered Cranesbill
85431c075.png,Loose Silky-bent
523e5505c.png,Fat Hen
d7017f701.png,Fat Hen
248436078.png,Cleavers
35cf9fa01.png,Shepherds Purse
d689256be.png,Black-grass
cbba27d89.png,Maize
2d5058a59.png,Common Chickweed
6df8e31ea.png,Charlock
9643fc5f4.png,Charlock
c1ecff98b.png,Loose Silky-bent
8170d33c1.png,Maize
115f93ecc.png,Loose Silky-bent
60ee66ddd.png,Cleavers
cec5bf198.png,Sugar beet
a74d475c2.png,Common Chickweed
39858776a.png,Cleavers
1c680883c.png,Loose Silky-bent
187668bde.png,Scentless Mayweed
fba8fc78a.png,Black-grass
fa9f3a8f9.png,Cleavers
48d97c645.png,Small-flowered Cranesbill
d488a4fe1.png,Common wheat
3fbf1a417.png,Cleavers
9baf94467.png,Sugar beet
aa7d098d1.png,Common Chickweed
41e07778c.png,Cleavers
1541bdb2e.png,Maize
acdb75e00.png,Black-grass
1d48b7564.png,Loose Silky-bent
0c27cf05f.png,Black-grass
7c85b0265.png,Loose Silky-bent
c0461776c.png,Common Chickweed
e96e57a90.png,Shepherds Purse
abf8b0772.png,Scentless Mayweed
d0cdc768f.png,Common wheat
e84464f5a.png,Cleavers
78c5fba1d.png,Sugar beet
34dd57ca9.png,Loose Silky-bent
55fed435f.png,Maize
e5e3dccff.png,Common wheat
cae684f8f.png,Charlock
1c52ea820.png,Fat Hen
fa5fd1384.png,Shepherds Purse
4f83143e1.png,Maize
3fbd0fc6a.png,Common Chickweed
d41d87796.png,Scentless Mayweed
116b136de.png,Sugar beet
5bc6595f6.png,Maize
9c8b08a24.png,Black-grass
fda0b5c38.png,Common wheat
b4c3df835.png,Maize
cd6adba97.png,Small-flowered Cranesbill
af45e222a.png,Scentless Mayweed
dc55449b2.png,Sugar beet
20e562fd5.png,Sugar beet
37714071b.png,Shepherds Purse
1f5e5554e.png,Small-flowered Cranesbill
d14aa43f3.png,Small-flowered Cranesbill
c6c8d4ba0.png,Black-grass
f3fcfff1b.png,Cleavers
17529c555.png,Scentless Mayweed
67ce3eaa6.png,Small-flowered Cranesbill
599691cd9.png,Small-flowered Cranesbill
fef2ade8c.png,Sugar beet
55a852f40.png,Common Chickweed
c60e91e07.png,Loose Silky-bent
c7eb96871.png,Fat Hen
ffc6f8527.png,Common wheat
98d819587.png,Shepherds Purse
4ea7493d5.png,Fat Hen
406ecb5c5.png,Charlock
61b044411.png,Loose Silky-bent
995c7ab1e.png,Common wheat
288564c76.png,Sugar beet
9c0c5b731.png,Loose Silky-bent
d668409ff.png,Black-grass
c0bc3997b.png,Fat Hen
cfb18d262.png,Scentless Mayweed
4e18ab737.png,Cleavers
48231e475.png,Scentless Mayweed
74fd477eb.png,Small-flowered Cranesbill
824f5d4e5.png,Common Chickweed
78b1bf91a.png,Sugar beet
c88ebfb47.png,Small-flowered Cranesbill
d3331e071.png,Sugar beet
8cf2e3e6c.png,Common Chickweed
446f7da01.png,Black-grass
86c309150.png,Sugar beet
f25996db8.png,Small-flowered Cranesbill
08d591441.png,Sugar beet
cc3d2a59a.png,Sugar beet
a3d0031fd.png,Loose Silky-bent
02cfeb38d.png,Loose Silky-bent
466bb6d3b.png,Maize
837ac0270.png,Scentless Mayweed
aecfaed64.png,Shepherds Purse
f85ed9b6d.png,Shepherds Purse
b145ba9d4.png,Scentless Mayweed
a83820a2c.png,Sugar beet
cf3a8b2fd.png,Black-grass
0dba99002.png,Sugar beet
808cf55c6.png,Shepherds Purse
d09275360.png,Sugar beet
5b3000b9a.png,Maize
cb496f36e.png,Loose Silky-bent
43ede9de9.png,Charlock
beebe5f4e.png,Scentless Mayweed
e14afa235.png,Fat Hen
089ad62a7.png,Common Chickweed
29ce426a1.png,Shepherds Purse
592cc5b89.png,Loose Silky-bent
9d79a1f0c.png,Small-flowered Cranesbill
9a3f20121.png,Loose Silky-bent
429211ee6.png,Fat Hen
79dafec17.png,Loose Silky-bent
599c82eea.png,Scentless Mayweed
dd9f36df7.png,Small-flowered Cranesbill
4c5ab9b68.png,Cleavers
dcd7ff249.png,Loose Silky-bent
7cabd68cc.png,Loose Silky-bent
3eebd36c6.png,Charlock
cf46d09c5.png,Common Chickweed
7d3045fc3.png,Sugar beet
966ae5ad9.png,Black-grass
1cfd91582.png,Charlock
0625f063b.png,Common Chickweed
5bd71f445.png,Common Chickweed
d350a25fa.png,Common Chickweed
b0acaff4a.png,Black-grass
754b1adf8.png,Small-flowered Cranesbill
9516e56c4.png,Black-grass
1be0713da.png,Cleavers
60f0bc617.png,Small-flowered Cranesbill
5883b423d.png,Scentless Mayweed
8a30b2de3.png,Sugar beet
3f92d8039.png,Loose Silky-bent
35a90f8d0.png,Scentless Mayweed
a7bd7cadb.png,Sugar beet
7beb2766f.png,Scentless Mayweed
92292055d.png,Shepherds Purse
82b5f4d33.png,Shepherds Purse
7615e52d3.png,Cleavers
a3b375b34.png,Loose Silky-bent
edfdb4aeb.png,Scentless Mayweed
4b155fb07.png,Charlock
2f0004a7f.png,Common wheat
c0d9e170b.png,Small-flowered Cranesbill
5b63dcc21.png,Common Chickweed
1b6a6494d.png,Sugar beet
d8f4923f8.png,Fat Hen
aaf4da98f.png,Sugar beet
d01873fdd.png,Loose Silky-bent
c5e88cd42.png,Fat Hen
c069fc3fa.png,Fat Hen
668c1007c.png,Charlock
19618ad6a.png,Sugar beet
835dc5447.png,Small-flowered Cranesbill
74d810f87.png,Loose Silky-bent
e0ec5b6a1.png,Sugar beet
756dd5070.png,Common Chickweed
